<?xml version="1.0" encoding="UTF-8"?>
<project-private xmlns="http://www.netbeans.org/ns/project-private/1">
    <editor-bookmarks xmlns="http://www.netbeans.org/ns/editor-bookmarks/2" lastBookmarkId="0"/>
    <open-files xmlns="http://www.netbeans.org/ns/projectui-open-files/2">
        <group>
            <file>file:/C:/Users/UltraDurable%20by%20GB/Documents/NetBeansProjects/PanelesDibujo/src/Paneles/PanelPrincipal.java</file>
            <file>file:/C:/Users/UltraDurable%20by%20GB/Documents/NetBeansProjects/PanelesDibujo/src/Paneles/Panel02.java</file>
            <file>file:/C:/Users/UltraDurable%20by%20GB/Documents/NetBeansProjects/PanelesDibujo/src/Paneles/Panel01.java</file>
            <file>file:/C:/Users/UltraDurable%20by%20GB/Documents/NetBeansProjects/PanelesDibujo/src/Clases/Cuadrado.java</file>
        </group>
    </open-files>
</project-private>
